16	C-436150FA,International Conference on Communications	10	8966
94	C-43701CEE,Global Communications Conference	10	7376
45	C-42D493FC,International Conference on Acoustics, Speech, and Signal Processing	10	7319
104	C-473A73C9,International Geoscience and Remote Sensing Symposium	10	6637
11	C-462744F4,Vehicular Technology Conference	10	6594
35	C-471752F4,International Symposium on Circuits and Systems	10	6132
62	C-455477A7,International Conference on Image Processing	10	5373
177	C-44250E28,Intelligent RObots and Systems	10	4840
114	C-455FBCE1,International Conference on Robotics and Automation	10	4694
137	C-8516B55A,International Conference of the IEEE Engineering in Medicine and Biology Society	10	4567
670	C-432251B5,International Conference on Multimedia and Expo	10	3890
92	C-45083D2F,Computer Vision and Pattern Recognition	10	3807
2	C-4773F002,Conference on Decision and Control	10	3498
95	C-442BD7CD,International Conference on Computer Communications	10	3070
282	C-44D951AC,Personal, Indoor and Mobile Radio Communications	10	2966
160	C-4539ED1E,International Symposium on Neural Networks	10	2915
560	C-463BE6FF,Design, Automation, and Test in Europe	10	2891
20	C-4566232D,International Conference on Computer Graphics and Interactive Techniques	10	2829
40	C-45C7663C,Systems, Man and Cybernetics	10	2745
531	C-435020A4,Medical Image Computing and Computer-Assisted Intervention	10	2661
88	C-856D618D,American Control Conference	10	2545
111	C-45610CDA,International Conference on Data Engineering	10	2134
324	C-43AA5802,ACM Multimedia	10	2129
48	C-4762CAF8,International Symposium on Information Theory	10	2122
162	C-43ABF249,International World Wide Web Conferences	10	2064
310	C-43D2A5F0,International Conference on Conceptual Structures	10	1986
41	C-4390334E,Very Large Data Bases	10	1977
228	C-4708B833,International Parallel and Distributed Processing Symposium	10	1953
78	C-4558D729,Human Factors in Computing Systems	10	1931
3	C-46CDFBC4,Design Automation Conference	10	1807
7	C-4686A887,International Solid-State Circuits Conference	10	1771
298	C-472C6E2D,Conference on Information and Knowledge Management	10	1757
356	C-436976F3,Knowledge Discovery and Data Mining	10	1714
424	C-43D1CF2E,Asia and South Pacific Design Automation Conference	10	1693
70	C-4789F291,International Conference on Distributed Computing Systems	10	1677
667	C-468A7487,International Conference on Data Mining	10	1648
504	C-478757A6,Congress on Evolutionary Computation	10	1645
149	C-462BF9E1,Conference of the International Speech Communication Association	10	1642
46	C-45FFFB88,International Conference on Software Engineering	10	1620
6	C-460A7036,International Conference on Management of Data	10	1583
497	C-45A88363,Adaptive Agents and Multi-Agents Systems	10	1555
15	C-43FD776C,International ACM SIGIR Conference on Research and Development in Information Retrieval	10	1421
61	C-433DEF3A,International Conference on Computer Aided Design	10	1414
153	C-44BF398F,High Performance Computing	10	1300
73	C-44E5A1B2,International Conference on Parallel Processing	10	1293
525	C-44E12FD1,International Semantic Web Conference	10	1275
152	C-43F3068F,Genetic and Evolutionary Computation Conference	10	1275
63	C-46A05BB0,National Conference on Artificial Intelligence	10	1273
651	C-43520230,Computer Supported Cooperative Work in Design	10	1254
368	C-441CE122,SIAM International Conference on Data Mining	10	1143
164	C-43319DD4,Neural Information Processing Systems	10	1130
17	C-47C39427,International Joint Conference on Artificial Intelligence	10	1127
432	C-4556024C,European Conference on Parallel Processing	10	1071
13	C-44B13001,ACM Special Interest Group on Data Communication	10	1040
219	C-47169EC5,Database and Expert Systems Applications	10	1021
84	C-4459102E,Pacific Rim Conference on Multimedia	10	1013
241	C-46F80578,Signal Processing Systems	10	975
21	C-4499A295,International Symposium on Microarchitecture	10	973
38	C-4782201E,European Solid-State Circuits Conference	10	953
517	C-46405877,Grid Computing	10	948
120	C-42CC6E2D,Computational Intelligence	10	931
122	C-46E903B1,Custom Integrated Circuits Conference	10	930
261	C-4704764E,Field-Programmable Logic and Applications	10	924
687	C-45F282AE,Web-Age Information Management	10	909
102	C-46BFF4BF,International Conference on Computer Design	10	893
229	C-45277557,International Symposium on Computers and Communications	10	891
113	C-465F7C62,International Conference on Machine Learning	10	887
320	C-469ADBD6,Robot and Human Interactive Communication	10	881
191	C-47838FAB,Canadian Conference on Electrical and Computer Engineering	10	863
23	C-46DAB993,Meeting of the Association for Computational Linguistics	10	856
8	C-4579FB5B,International Test Conference	10	830
672	C-4565183D,International Symposium on Quality Electronic Design	10	817
85	C-474677D8,Parallel Computing	10	792
273	C-43C1EF66,International Conference on Parallel and Distributed Systems	10	791
194	C-469D149A,Database Systems for Advanced Applications	10	784
398	C-42CCF5DE,International Symposium on Low Power Electronics and Design	10	775
489	C-47A1D52F,Multimedia Signal Processing	10	764
50	C-44233F91,Computer Software and Applications Conference	10	761
26	C-4569270C,Hawaii International Conference on System Sciences	10	757
145	C-438E31AA,Local Computer Networks	10	747
242	C-435D23B8,Symposium on Discrete Algorithms	10	745
308	C-43D23988,International Conference on Computer Communications and Networks	10	727
22	C-4372AEEF,Measurement and Modeling of Computer Systems	10	707
294	C-459EF883,Asian Test Symposium	10	697
686	C-433F0094,Web Information Systems Engineering	10	680
329	C-476F3906,Computer and Communications Security	10	674
467	C-4542EB6A,Conference on Computational Complexity	10	656
575	C-44A68539,International Conference on Enterprise Information Systems	10	651
264	C-434A76CE,Great Lakes Symposium on VLSI	10	645
311	C-468C0299,International Conference on Neural Information Processing	10	642
692	C-45B176DF,ACM/IEEE Joint Conference on Digital Libraries	10	639
639	C-45D14EDE,Ubiquitous Computing	10	626
400	C-43A8F3E1,International Workshop on Quality of Service	10	623
547	C-42D65D01,Ad Hoc Networks	10	615
443	C-43B0EC38,International Conference on Information and Communication Security	10	612
411	C-42F0CC9A,Soft Computing	10	601
14	C-460D43CF,Conference on Information Sciences and Systems	10	600
227	C-4440ADC2,International Conference on Telecommunications	10	600
167	C-46173BF7,Visual Communications and Image Processing	10	597
419	C-42F4F2CC,ACM/IEEE International Conference on Mobile Computing and Networking	10	592
272	C-46081467,International Conference on Networks	10	571
132	C-43DFAE0A,Conference on Object-Oriented Programming Systems, Languages, and Applications	10	567
4	C-45B9D64F,Formal Methods	10	561
656	C-46C2A057,Dependable Systems and Networks	10	557
12	C-44815780,Winter Simulation Conference	10	553
123	C-45A68B5F,Data and Knowledge Engineering	10	553
215	C-477202E3,British Machine Vision Conference	10	551
631	C-4397F0B8,Mobile Data Management	10	542
28	C-436EE6FE,International Symposium on Computer Architecture	10	518
340	C-44C93DEC,European Symposium on Algorithms	10	516
286	C-4300CAC5,VLSI Test Symposium	10	502
251	C-45878F67,Automated Software Engineering	10	502
304	C-440F51B1,High Performance Distributed Computing	10	501
217	C-4398864E,Conference on Advanced Information Systems Engineering	10	489
366	C-474BD8D0,Parallel and Distributed Processing Techniques and Applications	10	488
97	C-43F41A29,Principles of Distributed Computing	10	487
195	C-45C56EDC,Defect and Fault Tolerance in VLSI and Nanotechnology Systems	10	479
395	C-43F6AF91,International Conference on Information Networking	10	475
665	C-43A193B2,International Conference on Cluster Computing	10	469
538	C-463BD859,Pacific-Asia Conference on Knowledge Discovery and Data Mining	10	467
309	C-46202E57,International Conference on Conceptual Modeling	10	460
407	C-469683B8,Power and Timing Modeling, Optimization and Simulation	10	456
654	C-44F01D7B,Cross-Language Evaluation Forum	10	454
662	C-43AAC778,High Performance Switching and Routing	10	446
312	C-44C0EC29,International Conference on Tools with Artificial Intelligence	10	441
134	C-443F9CFF,IEEE Virtual Reality Conference	10	435
632	C-47175205,Modeling Analysis and Simulation of Wireless and Mobile Systems	10	431
126	C-4532399F,International Conference on Software Maintenance	10	427
512	C-440E04A9,European Conference on Principles of Data Mining and Knowledge Discovery	10	418
142	C-43C08A77,International Conference on Supercomputing	10	411
485	C-44C78644,International Performance, Computing, and Communications Conference	10	410
208	C-45F650F9,Software Engineering and Knowledge Engineering	10	408
350	C-44F1AB80,International Conference on Network Protocols	10	405
579	C-476510B9,International On-Line Testing Symposium	10	401
314	C-46142C30,International Symposium on Algorithms and Computation	10	397
533	C-449D19CC,Mobile Ad Hoc Networking and Computing	10	396
76	C-4306EF42,Real-Time Systems Symposium	10	394
255	C-46AD78C1,Data Compression Conference	10	393
729	C-466431A5,Symposium on Applications and the Internet	10	389
9	C-46FBD884,Symposium on the Theory of Computing	10	381
141	C-47977D8C,International Conference on Logic Programming	10	380
19	C-440ED19A,International Colloquium on Automata, Languages and Programming	10	378
562	C-47167ADC,Empirical Methods in Natural Language Processing	10	378
121	C-45835902,Computer-Based Medical Systems	10	378
434	C-43226B44,High-Performance Computer Architecture	10	375
178	C-45C028EA,Intelligent User Interfaces	10	369
343	C-470B5A7A,Graph Drawing	10	369
10	C-4306948C,Technical Symposium on Computer Science Education	10	367
582	C-460452E7,International Symposium on Object/Component/Service-Oriented Real-Time Distributed Computing	10	366
710	C-462A34B5,International Conference on Advanced Learning Technologies	10	365
168	C-47405592,Annual Computer Security Applications Conference	10	356
511	C-465D33C1,European Conference on Information Retrieval	10	356
128	C-442F700A,Symposium on Computational Geometry	10	353
507	C-42E6BE19,Digital Systems Design	10	351
176	C-43DB3338,Industrial and Engineering Applications of Artificial Intelligence and Expert Systems	10	351
187	C-451C38EE,ACM Symposium on Parallel Algorithms and Architectures	10	347
220	C-44CCF851,Document Analysis Systems	10	346
453	C-46FBD930,Real Time Technology and Applications Symposium	10	345
86	C-44E8D4B3,Statistical and Scientific Database Management	10	344
352	C-439F03CF,International Conference on Parallel Architectures and Compilation Techniques	10	342
193	C-4549948F,Computer Aided Verification	10	329
628	C-47A7A7E0,International Symposium on Mixed and Augmented Reality	10	329
342	C-477F6C83,Foundations of Software Engineering	10	328
285	C-436E482B,Symposium on Integrated Circuits and Systems Design	10	327
359	C-465EF934,Modeling, Analysis, and Simulation On Computer and Telecommunication Systems	10	326
169	C-46EF45E9,Australian Joint Conference on Artificial Intelligence	10	324
341	C-45DA1F87,Field-Programmable Custom Computing Machines	10	323
369	C-4326CCD6,The European Symposium on Artificial Neural Networks	10	321
260	C-43C18390,Field Programmable Gate Arrays	10	320
257	C-45462B39,Embedded Software	10	316
69	C-455B6732,IEEE Symposium on Security and Privacy	10	312
581	C-4372E602,International Symposium on Distributed Computing	10	310
552	C-47765112,Compilers, Architecture, and Synthesis for Embedded Systems	10	305
246	C-45848F1A,User Interface Software and Technology	10	304
75	C-456CDDD6,International Symposium on Physical Design	10	298
131	C-473B0162,Conference on Computer Supported Cooperative Work	10	282
338	C-4607C954,Electronic Commerce	10	281
203	C-4769FF98,Languages and Compilers for Parallel Computing	10	276
190	C-479D1E74,Canadian Conference on Computational Geometry	10	272
5	C-448ECA1D,Foundations of Computer Science	10	272
458	C-4516081A,Tools and Algorithms for Construction and Analysis of Systems	10	270
487	C-469324BE,International Workshop on Security	10	268
64	C-4332078E,Programming Language Design and Implementation	10	266
87	C-43B0793E,Symposium on Reliable Distributed Systems	10	261
377	C-43A1990D,Asia-Pacific Software Engineering Conference	10	252
414	C-472D3001,The Florida AI Research Society	10	249
576	C-45D7DDA8,International Conference on Information Security and Cryptology	10	248
93	C-43C40A80,Computing and Combinatorics Conference	10	248
418	C-4409EED4,Vision Modeling and Visualization	10	245
296	C-4718BF06,Combinatorial Pattern Matching	10	244
151	C-462A683B,European Conference on Object-Oriented Programming	10	239
540	C-45C742AD,Robot Soccer World Cup	10	239
608	C-433BF259,Data Warehousing and Knowledge Discovery	10	237
715	C-45700DCB,International Conference on Peer-to-Peer Computing	10	231
99	C-4694B652,Symposium on Principles of Database Systems	10	228
374	C-466DD17F,Workshops on Enabling Technologies: Infrastracture for Collaborative Enterprises	10	226
542	C-462F772C,String Processing and Information Retrieval	10	225
417	C-46EF4FF9,Virtual Reality Software and Technology	10	218
136	C-4401AFCF,Intelligent Information Systems	10	214
461	C-43765ED4,Australasian Conference on Information Security and Privacy	10	213
448	C-4373F5A0,Languages, Compilers, and Tools for Embedded Systems	10	211
254	C-44486FB2,Conference on Software Maintenance and Reengineering	10	208
519	C-4799A10B,Intelligent Data Analysis	10	207
247	C-44A6E67D,Workshop on Parallel and Distributed Simulation	10	205
196	C-47B51FBD,Euromicro Conference on Real-Time Systems	10	202
509	C-43AFEC4B,Enterprise Distributed Object Computing	10	201
51	C-46789D3E,Decision Support Systems	10	199
592	C-44175CFB,Text, Speech and Dialogue	10	197
367	C-479D4D98,Principles and Practice of Constraint Programming	10	193
184	C-44DF880B,Machine Vision Applications	10	191
274	C-4503201D,International Symposium on Software Reliability Engineering	10	190
524	C-457D0954,International Database Engineering and Applications Symposium	10	186
381	C-46B774B0,Computers and Their Applications	10	186
235	C-43A56762,Network and Operating System Support for Digital Audio and Video	10	185
518	C-437CDDA1,High Level Design Validation and Test	10	184
372	C-43750ABA,Working Conference on Reverse Engineering	10	177
523	C-43BF9DCC,International Conference on Principles of Distributed Systems	10	177
239	C-46CB61B2,Rapid System Prototyping	10	173
543	C-461DDC0A,Symposium on Access Control Models and Technologies	10	165
33	C-437C7B15,Discovery Science	10	163
353	C-4515502B,International Conference on Program Comprehension	10	163
81	C-44C16141,International Cryptology Conference	10	159
173	C-451E8992,Engineering of Computer-Based Systems	10	158
29	C-455C7238,Mathematical Foundations of Computer Science	10	157
589	C-4769E092,Recent Advances in Intrusion Detection	10	157
570	C-47C1980F,IEEE International Symposium on Workload Characterization	10	155
32	C-45465CC4,Compiler Construction	10	154
253	C-46926BFF,Conference of the Centre for Advanced Studies on Collaborative Research	10	153
214	C-46B8FFD4,Australasian Database Conference	10	152
544	C-46580135,Theory and Practice of Digital Libraries	10	152
451	C-468CDFB4,Pacific Symposium on Biocomputing	10	148
36	C-452527AF,International Symposium on Multiple-Valued Logic	10	144
510	C-4413E269,European Conference on Genetic Programming	10	136
118	C-4637EEEA,Symposium on Theoretical Aspects of Computer Science	10	132
516	C-46C99331,Fundamental Approaches to Software Engineering	10	129
584	C-471F9CDC,International Workshop on the Web and Databases	10	127
394	C-4619EDE8,International Conference on Cryptology in India	10	127
110	C-444A182D,International Conference on Concurrency Theory	10	126
370	C-44406FED,Theory and Applications of Satisfiability Testing	10	125
638	C-44236CB3,System-Level Interconnect Prediction	10	124
345	C-43247716,High Performance Interconnects	10	123
67	C-457D53D9,Workshop on Graph-Theoretic Concepts in Computer Science	10	123
376	C-43CD1EFB,Advances in Databases and Information Systems	10	123
422	C-4341ED82,Applications of Natural Language to Data Bases	10	123
606	C-432E26DB,Cryptographic Hardware and Embedded Systems	10	122
492	C-46DE2D44,Research in Computational Molecular Biology	10	118
265	C-4786A6E3,Inductive Logic Programming	10	118
659	C-4692A0B1,Electronic Commerce and Web Technologies	10	114
130	C-46A3F844,Canadian Conference on Artificial Intelligence	10	113
653	C-4321CC25,Conference on Intelligent Text Processing and Computational Linguistics	10	112
175	C-45ED3638,Formal Techniques for (Networked and) Distributed Systems	10	112
413	C-43CDABDA,Static Analysis Symposium	10	110
348	C-43FD6777,Intelligent Systems in Molecular Biology	10	106
436	C-46B1CCD7,Information Technology Interfaces	10	103
727	C-45AEE573,Source Code Analysis and Manipulation	10	99
685	C-45F99B30,Smart Graphics	10	96
730	C-44913AA3,Symposium on Web Systems Evolution	10	94
108	C-42F73407,Foundations of Software Technology and Theoretical Computer Science	10	91
328	C-42BD758D,Computer Applications in Industry and Engineering	10	85
301	C-44B16F02,European Workshop on Computational Geometry	10	83
100	C-43F6459B,Theory and Application of Cryptographic Techniques	10	80
724	C-46F1CA07,Pattern Recognition in Information Systems	10	76
170	C-463119A6,Computational Learning Theory	10	76
83	C-45CC165B,Logic in Computer Science	10	75
558	C-46EC7D07,Data Warehousing and OLAP	10	74
734	C-42BBC5C1,Workshop on Algorithms in Bioinformatics	10	71
645	C-43E84C32,Asian Symposium on Programming Languages and Systems	10	71
495	C-43613D12,Spring Conference on Computer Graphics	10	70
597	C-451C4D3D,Algorithm Engineering and Experimentation	10	69
278	C-45A0F122,Logic-based Program Synthesis and Transformation	10	68
725	C-45F841A1,Privacy Enhancing Technologies	10	66
307	C-4411B4B8,International Conference on Auditory Display	10	62
657	C-46C698EA,Document Engineering	10	61
133	C-43C320E5,European Symposium on Programming	10	58
567	C-4457BAFF,Foundations of Software Science and Computation Structure	10	56
138	C-433E69C4,International Conference on Computer Safety, Reliability, and Security	10	51
634	C-430122E0,Practical Aspects of Declarative Languages	10	47
362	C-4761B00F,New Security Paradigms Workshop	10	45
287	C-478794CB,Web Intelligence	9	1203
380	C-42C62517,Computer and Information Technology	9	844
698	C-4651456C,Cluster Computing and the Grid	9	760
351	C-446AF0D7,International Conference on Networking	9	704
704	C-460C1940,IEEE-RAS International Conference on Humanoid Robots	9	695
112	C-43331058,International Conference on Human-Computer Interaction	9	657
27	C-45B7D2EB,International Conference on Computational Linguistics	9	607
313	C-444CACB9,International Conference on VLSI Design	9	600
332	C-42F91B89,Conference on Multimedia Modeling	9	562
280	C-45F914AD,North American Chapter of the Association for Computational Linguistics	9	522
268	C-45126447,International Conference on Artificial Neural Networks	9	518
82	C-456FEF09,Language Resources and Evaluation	9	469
449	C-46F58A2E,Multimedia Information Retrieval	9	413
647	C-44C5464F,Bioinformatics and Bioengineering	9	347
611	C-432DDB7E,European Test Symposium	9	325
617	C-44B7D8B2,Information Reuse and Integration	9	301
717	C-45C15042,International Symposium on Signal Processing and Information Technology	9	300
545	C-4503DE86,Workshop on Image Analysis for Multimedia Interactive Services	9	263
633	C-46DAFD1F,Pacific Rim International Symposium on Dependable Computing	9	254
478	C-46155D1D,Information Hiding	9	198
441	C-4673EE2C,International Conference on Engineering of Complex Computer Systems	9	190
148	C-45E116C3,Artificial Intelligence in Education	9	181
658	C-4726E440,Educational Data Mining	9	180
536	C-450F627A,Optical Network Design and Modelling	9	178
559	C-43CBB3AE,Design and Diagnostics of Electronic Circuits and Systems	9	178
216	C-44AE44DD,Computer Graphics International	9	177
671	C-461B085B,International Symposium on Performance Analysis of Systems and Software	9	176
721	C-46E64AD9,Network Computing and Applications	9	165
513	C-430EDF97,European Conference on Research and Advanced Technology for Digital Libraries	9	164
39	C-464F6958,Information Security	9	163
673	C-443A5863,International Symposium/Conference on Music Information Retrieval	9	146
593	C-461171C2,Web Information and Data Management	9	133
361	C-46598FE3,Network and Distributed System Security Symposium	9	132
139	C-4574D9D2,International Conference on Database Theory	9	128
688	C-453E185C,Wireless Personal Multimedia Communications	9	126
147	C-47CCD465,Uncertainty in Artificial Intelligence	9	123
337	C-472461FB,Distributed Systems: Operations and Management	9	114
433	C-42DA9D26,Graphics Recognition	9	114
77	C-457DC158,Color Imaging Conference	9	106
459	C-447034A1,Virtual Systems and MultiMedia	9	101
499	C-46C3B28B,Brazilian Symposium on Databases	9	100
629	C-46528AF2,International Workshop on OpenMP	9	99
437	C-43904F00,International Conference in Central Europe on Computer Graphics and Visualization	9	99
91	C-455D09BB,British National Conference on Databases	9	96
72	C-43F65246,International Conference on Information Systems	9	94
430	C-4744249D,Conference on Current Trends in Theory and Practice of Informatics	9	84
636	C-45443D53,Product Focused Software Process Improvement	9	79
572	C-45A2F31B,International Conference on Application of Concurrency to System Design	9	78
401	C-42ECFC7D,Job Scheduling Strategies for Parallel Processing	9	77
357	C-43E251D1,Memory Technology, Design and Testing	9	76
456	C-4788C323,Software Visualization	9	67
469	C-439E92D8,Distributed Applications and Interoperable Systems	9	57
679	C-46F3F722,New Interfaces for Musical Expression	9	51
103	C-47987D60,International Conference on Reliable Software Technologies	9	35
577	C-46CA67CE,International Conference on Legal Knowledge and Information Systems	9	32
161	C-4520AE55,International Symposium on Robotics	9	30
89	C-47CA3817,Applications and Theory of Petri Nets	9	29
43	C-457F1F48,Computer Science Logic	9	28
179	C-44EACB63,International Conference on Design of Communication	9	28
127	C-42C509C4,Rewriting Techniques and Applications	9	18
159	C-45701BF3,International Conference on Computer Vision	8	1443
427	C-436D599B,Communications and Mobile Computing	8	500
595	C-44ABD1BA,World of Wireless, Mobile and Multimedia Networks	8	393
694	C-4650D622,Active Media Technology	8	358
325	C-46EE8E44,Advances in Computing and Communications	8	331
291	C-43F8572D,Advances in Geographic Information Systems	8	288
693	C-47B7ABEF,ACS/IEEE International Conference on Computer Systems and Applications	8	271
210	C-44616FF1,ACM SIGPLAN Symposium on Principles and Practice of Parallel Programming	8	258
300	C-464C588C,Emerging Technologies and Factory Automation	8	239
201	C-47831A49,International Symposium on Experimental Robotics	8	227
620	C-449E1173,Intelligent Virtual Agents	8	227
333	C-446908FE,Cooperative Information Systems	8	186
535	C-463369F3,Next Generation Internet	8	181
364	C-43F3EBCF,Pacific Conference on Computer Graphics and Applications	8	171
506	C-4482B3A4,Digital Identity Management	8	132
641	C-4361BD82,Working IEEE/IFIP Conference on Software Architecture	8	119
129	C-447B80D7,Australian Software Engineering Conference	8	118
156	C-457D471C,Interactive 3D Graphics and Games	8	109
607	C-42F14778,Data Engineering for Wireless and Mobile Access	8	90
212	C-461F33EF,Annual Software Engineering Workshop	8	74
297	C-45B8879C,Computer Assisted Radiology and Surgery	8	74
637	C-47CB8578,Software and Compilers for Embedded Systems	8	73
225	C-4693D390,Integer Programming and Combinatorial Optimization	8	62
682	C-461D4FC0,Open Source Systems	8	62
546	C-4564558E,Workshop on Recent Trends in Algebraic Development Techniques	8	42
245	C-454034E3,USENIX Large Installation Systems Administration Conference	8	34
71	C-454ED2F8,International Conference on Functional Programming	8	31
109	C-4367C1B4,Information Processing in Medical Imaging	7	317
237	C-4727BEE5,Parallel Problem Solving from Nature	7	234
154	C-475887BB,Information and Communication Technologies in Tourism	7	201
209	C-448B966A,Workshop on Algorithms and Data Structures	7	197
431	C-478D1F3B,Eurographics Symposium on Rendering Techniques	7	184
474	C-45F753AE,High-Assurance Systems Engineering	7	133
587	C-443CBAC4,Pacific Rim International Conference on Multi-Agents	7	106
609	C-47797088,Document Recognition and Retrieval	7	98
505	C-43277916,Cooperative Information Agents	7	97
386	C-444C7E0A,Distributed Multimedia Systems	7	95
605	C-47C77B94,Content-Based Multimedia Indexing	7	92
514	C-441DE433,Field and Service Robotics	7	89
583	C-47CC151A,International Workshop on Principles of Software Evolution	7	71
646	C-44FA759F,Australasian User Interface Conference	7	67
439	C-45A86DF6,International Conference on Case-Based Reasoning	7	64
365	C-467B3333,Panhellenic Conference on Informatics	7	63
594	C-441038DB,Workshop on Program Analysis For Software Tools and Engineering	7	58
68	C-439E313A,Conference on Automated Deduction	7	58
707	C-476E7EAC,Information Systems Technology and its Applications	7	51
224	C-44F1BEFF,Innovative Applications of Artificial Intelligence	7	50
702	C-45AAD458,European Workshop on Multi-Agent Systems	7	46
53	C-46E1AB3B,Fundamentals of Computation Theory	7	42
720	C-43A4E7DF,Mexican International Conference on Computer Science	7	31
491	C-45A12B87,Prague Stringology Conference	7	26
473	C-46E8C2CD,High Performance Computing for Computational Science (Vector and Parallel Processing)	7	23
236	C-45FD9DD4,Pacific Rim International Conference on Artificial Intelligence	6	296
502	C-42EE09CD,Computational Intelligence in Robotics and Automation	6	264
271	C-43E7F2AC,International Conference on Image Analysis and Processing	6	262
731	C-453FBF5D,Visual Analytics Science and Technology	6	182
80	C-85CC4F4F,International Conference on Multimedia Information Networking and Security	6	180
207	C-45DB01B0,Scandinavian Conference on Image Analysis	6	177
57	C-453CB501,International Conference on Computer Vision Systems	6	159
714	C-45876312,International Conference on Knowledge Capture	6	156
508	C-44376BCB,Energy Minimization Methods in Computer Vision and Pattern Recognition	6	137
442	C-433DE719,International Conference on Evolvable Systems	6	107
258	C-4647C10B,European Conference on Artificial Life	6	75
250	C-43383ED6,Artificial Intelligence in Medicine in Europe	6	65
655	C-43DA00C9,Databases in Networked Information Systems	6	56
49	C-43B576F5,Kommunikation in Verteilten Systemen	6	54
716	C-461BAEE3,International Joint Conference on Automated Reasoning	6	36
600	C-42D3DE40,Belgium-Netherlands Conference on Artificial Intelligence	6	34
267	C-474799EB,Intelligent Agents	6	32
150	C-470F8BDC,Database Programming Languages	6	31
346	C-45548029,India Software Engineering Conference	6	30
202	C-437E7D49,International Workshop/Conference on Parsing Technologies	6	20
447	C-43CB8BB1,International Symposium on Functional and Logic Programming	6	14
385	C-439E9A1C,Discrete Geometry for Computer Imagery	6	12
472	C-478641DF,German Conference on Bioinformatics	6	11
270	C-448D1E7E,International Conference on Document Analysis and Recognition	5	577
479	C-45B33971,Information Sciences, Signal Processing and their Applications	5	393
276	C-45483BED,International Work-Conference on Artificial and Natural Neural Networks	5	272
266	C-452ACCB8,Integrated Network Management	5	249
56	C-44AB0F07,European Conference on Circuit Theory and Design	5	225
18	C-45CEC493,Symposium on Operating Systems Principles	5	192
354	C-474EAFD5,International Symposium on Autonomous Decentralized Systems	5	188
327	C-44359895,Computer Analysis of Images and Patterns	5	178
323	C-47BBF4CC,World Congress on Computational Intelligence	5	175
288	C-4791FE57,Workshop on Applications of Signal Processing to Audio and Acoustics	5	116
532	C-44612919,Microelectronics Systems Education	5	91
259	C-46E27806,European Conference on Symbolic and Quantitative Approaches to Reasoning and Uncertainty	5	90
488	C-462FCD74,Machine Learning and Data Mining in Pattern Recognition	5	76
197	C-465B502B,European Conference on Computer Supported Cooperative Work	5	71
699	C-45C7E457,Design of Reliable Communication Networks	5	67
389	C-45563EAC,Flexible Query Answering Systems	5	62
435	C-4472F8CF,IEEE Symposium on Information Visualization	5	59
319	C-4777163F,Parallel and Distributed Computing Systems (ISCA)	5	57
25	C-450B99F2,Annual Simulation Symposium	5	53
205	C-46600F2A,Portuguese Conference on Artificial Intelligence	5	50
697	C-47C2A24C,Autonomous Minirobots for Research and Edutainment	5	48
158	C-43FD084C,International Conference on Artificial Intelligence and Law	5	45
480	C-458F31C4,Integrating Technology into Computer Science Education	5	45
696	C-46A1EA1D,Autonomous Infrastructure, Management and Security	5	43
709	C-442C7448,Intelligent Data Acquisition and Advanced Computing Systems: Technology and Applications	5	43
24	C-475A7738,Symposium on Computer Arithmetic	5	33
233	C-45EB6430,Logic Programming and Non-Monotonic Reasoning	5	33
454	C-442E19D7,Recent Advances in Natural Language Processing	5	30
566	C-43758D9B,Formal Ontology in Information Systems	5	25
146	C-46F3B6B4,Theoretical Aspects of Rationality and Knowledge	5	24
163	C-455F8435,Natural Language Generation	5	18
336	C-4556567A,Developments in Language Theory	5	13
180	C-43254BF9,International Conference on Electronic Publishing	5	12
183	C-462CCB7F,International Professional Communication Conference	5	9
189	C-45C4ABE0,Artificial Intelligence and the Simulation of Behaviour	5	7
